Jurisdiction,Overseas,Locally acquired - contact of confirmed case,Locally acquired - unknown contact*,Locally acquired - interstate travel,Under investigation*,Total cases,Total deaths,Date,Locally acquired - unknown contact,Under investigation
SA,684,178,,36,,907,4,2021-10-06,9.0,0.0
TAS,85,141,,5,,236,13,2021-10-06,5.0,0.0
QLD,1490,479,,32,,2048,7,2021-10-06,47.0,0.0
NT,196,11,,5,,212,0,2021-10-06,0.0,0.0
NSW,3659,22215,,107,,65876,439,2021-10-06,39895.0,0.0
ACT,95,908,,30,,1162,8,2021-10-06,126.0,3.0
VIC,1224,28814,,0,,44251,877,2021-10-06,3871.0,10342.0
Australia,8427,52839,,224,,115802,1357,2021-10-06,43967.0,10345.0
WA,994,93,,9,,1110,9,2021-10-06,14.0,0.0
VIC,1224,30404,,0,,47266,890,2021-10-07,3871.0,11767.0
Australia,8435,55200,,225,,120043,1389,2021-10-07,44390.0,11793.0
ACT,95,942,,31,,1231,9,2021-10-07,137.0,26.0
NSW,3658,22952,,107,,67024,457,2021-10-07,40307.0,0.0
NT,197,11,,5,,213,0,2021-10-07,0.0,0.0
SA,684,178,,36,,907,4,2021-10-07,9.0,0.0
QLD,1498,479,,32,,2056,7,2021-10-07,47.0,0.0
WA,994,93,,9,,1110,9,2021-10-07,14.0,0.0
TAS,85,141,,5,,236,13,2021-10-07,5.0,0.0
Australia,8438,55584,44799.0,225,13506.0,122552,1405,2021-10-08,,
NSW,3660,23196,40706.0,107,0.0,67669,468,2021-10-08,,
NT,197,11,0.0,5,0.0,213,0,2021-10-08,,
QLD,1498,479,47.0,32,0.0,2056,7,2021-10-08,,
SA,685,178,9.0,36,0.0,908,4,2021-10-08,,
TAS,85,141,5.0,5,0.0,236,13,2021-10-08,,
VIC,1224,30506,3873.0,0,13486.0,49089,895,2021-10-08,,
WA,994,93,14.0,9,0.0,1110,9,2021-10-08,,
ACT,95,980,145.0,31,20.0,1271,9,2021-10-08,,
NSW,3661,23479,40999.0,107,0.0,68246,479,2021-10-09,,
NT,198,11,0.0,5,0.0,214,0,2021-10-09,,
QLD,1501,479,47.0,32,0.0,2059,7,2021-10-09,,
WA,994,93,14.0,9,0.0,1110,9,2021-10-09,,
TAS,85,141,5.0,5,0.0,236,13,2021-10-09,,
VIC,1224,31973,3871.0,0,13944.0,51012,900,2021-10-09,,
ACT,95,1004,147.0,31,19.0,1296,9,2021-10-09,,
SA,685,178,9.0,37,0.0,909,4,2021-10-09,,
Australia,8443,57358,45092.0,226,13963.0,125082,1421,2021-10-09,,
WA,994,93,14.0,9,0.0,1110,9,2021-10-10,,
ACT,95,1024,150.0,32,25.0,1326,9,2021-10-10,,
NSW,3662,23749,41192.0,109,0.0,68712,485,2021-10-10,,
NT,198,11,5.0,0,0.0,214,0,2021-10-10,,
QLD,1503,479,47.0,32,1.0,2062,7,2021-10-10,,
SA,685,178,9.0,38,0.0,910,4,2021-10-10,,
TAS,85,141,5.0,5,0.0,236,13,2021-10-10,,
Australia,8447,57698,45293.0,225,15791.0,127454,1432,2021-10-10,,
VIC,1225,32023,3871.0,0,15765.0,52884,905,2021-10-10,,
Australia,8453,58998,45356.0,233,16530.0,129570,1448,2021-10-11,,
ACT,95,1052,156.0,33,22.0,1358,9,2021-10-11,,
NSW,3664,24179,41253.0,109,0.0,69205,493,2021-10-11,,
NT,199,11,0.0,5,0.0,215,0,2021-10-11,,
QLD,1505,479,47.0,32,0.0,2063,7,2021-10-11,,
SA,686,178,9.0,40,0.0,913,4,2021-10-11,,
TAS,85,141,5.0,5,0.0,236,13,2021-10-11,,
VIC,1225,32865,3872.0,0,16508.0,54470,913,2021-10-11,,
WA,994,93,14.0,9,0.0,1110,9,2021-10-11,,
WA,995,93,14.0,9,0.0,1111,9,2021-10-12,,
QLD,1509,479,47.0,32,0.0,2067,7,2021-10-12,,
SA,686,178,9.0,41,0.0,914,4,2021-10-12,,
TAS,85,141,5.0,5,0.0,236,13,2021-10-12,,
VIC,1225,34306,3905.0,0,16462.0,55898,921,2021-10-12,,
ACT,95,1076,176.0,33,6.0,1386,9,2021-10-12,,
Australia,8457,60794,45426.0,235,16468.0,131380,1461,2021-10-12,,
NSW,3663,24510,41270.0,109,0.0,69552,498,2021-10-12,,
NT,199,11,0.0,6,0.0,216,0,2021-10-12,,
VIC,1225,34306,3905.0,0,16462.0,55898,921,2021-10-13,,
TAS,85,141,5.0,5,0.0,236,13,2021-10-13,,
QLD,1509,479,47.0,32,0.0,2067,7,2021-10-13,,
NT,199,11,0.0,6,0.0,216,0,2021-10-13,,
NSW,3663,24510,41270.0,109,0.0,69552,498,2021-10-13,,
WA,995,93,14.0,9,0.0,1111,9,2021-10-13,,
SA,686,178,9.0,41,0.0,914,4,2021-10-13,,
Australia,8457,60794,45426.0,235,16468.0,131380,1461,2021-10-13,,
ACT,95,1076,176.0,33,6.0,1386,9,2021-10-13,,
WA,995,93,14.0,9,0.0,1111,9,2021-10-14,,
VIC,1227,35943,3931.0,0,18609.0,59710,945,2021-10-14,,
TAS,85,141,5.0,6,0.0,237,13,2021-10-14,,
SA,686,179,9.0,40,0.0,914,4,2021-10-14,,
QLD,1509,479,47.0,32,0.0,2067,7,2021-10-14,,
NT,204,11,0.0,7,0.0,222,0,2021-10-14,,
NSW,3666,25208,41408.0,109,0.0,70391,508,2021-10-14,,
ACT,95,1151,194.0,33,10.0,1483,10,2021-10-14,,
Australia,8467,63205,45608.0,236,18619.0,136135,1496,2021-10-14,,
Australia,8468,63454,45825.0,240,20734.0,138721,1506,2021-10-15,,
ACT,95,1178,199.0,35,11.0,1518,10,2021-10-15,,
NSW,3666,25397,41608.0,110,0.0,70781,512,2021-10-15,,
NT,204,11,0.0,7,0.0,222,0,2021-10-15,,
QLD,1510,479,47.0,33,0.0,2069,7,2021-10-15,,
SA,686,179,9.0,40,0.0,914,4,2021-10-15,,
TAS,85,141,5.0,6,0.0,237,13,2021-10-15,,
VIC,1227,35976,3943.0,0,20723.0,61869,951,2021-10-15,,
WA,995,93,14.0,9,0.0,1111,9,2021-10-15,,
ACT,95,1193,199.0,35,16.0,1538,11,2021-10-16,,
NT,204,11,0.0,10,0.0,225,0,2021-10-16,,
QLD,1512,479,47.0,33,0.0,2071,7,2021-10-16,,
SA,687,179,9.0,40,0.0,915,4,2021-10-16,,
TAS,85,141,5.0,6,0.0,237,13,2021-10-16,,
VIC,1227,38267,3948.0,0,20394.0,63836,957,2021-10-16,,
WA,996,93,14.0,9,0.0,1112,9,2021-10-16,,
NSW,3667,25569,41753.0,110,0.0,71099,514,2021-10-16,,
Australia,8473,65932,45975.0,243,20410.0,141033,1515,2021-10-16,,
ACT,95,1222,211.0,35,8.0,1571,11,2021-10-17,,
Australia,8473,66964,46114.0,243,21341.0,143135,1531,2021-10-17,,
NT,204,11,0.0,10,0.0,225,0,2021-10-17,,
SA,687,179,9.0,40,0.0,915,4,2021-10-17,,
TAS,85,141,5.0,6,0.0,237,13,2021-10-17,,
VIC,1227,39092,3953.0,0,21333.0,65605,963,2021-10-17,,
WA,996,93,14.0,9,0.0,1112,9,2021-10-17,,
NSW,3667,25747,41875.0,110,0.0,71399,524,2021-10-17,,
QLD,1512,479,47.0,33,0.0,2071,7,2021-10-17,,
WA,996,93,14.0,9,0.0,1112,9,2021-10-18,,
QLD,1512,479,47.0,33,0.0,2071,7,2021-10-18,,
NT,204,11,0.0,10,0.0,225,0,2021-10-18,,
Australia,8474,68083,46181.0,243,22282.0,145263,1543,2021-10-18,,
ACT,95,1234,219.0,35,5.0,1588,11,2021-10-18,,
NSW,3668,25951,41929.0,110,0.0,71658,529,2021-10-18,,
SA,687,179,9.0,40,0.0,915,4,2021-10-18,,
TAS,85,141,5.0,6,0.0,237,13,2021-10-18,,
VIC,1227,39995,3958.0,0,22277.0,67457,970,2021-10-18,,
Australia,8475,69391,46280.0,243,22886.0,147275,1558,2021-10-19,,
WA,996,93,14.0,9,0.0,1112,9,2021-10-19,,
NSW,3668,26147,41998.0,110,0.0,71923,533,2021-10-19,,
NT,204,11,0.0,10,0.0,225,0,2021-10-19,,
QLD,1512,479,47.0,33,0.0,2071,7,2021-10-19,,
SA,688,179,9.0,40,0.0,916,4,2021-10-19,,
TAS,85,141,5.0,6,0.0,237,13,2021-10-19,,
VIC,1227,41083,3983.0,0,22886.0,69179,981,2021-10-19,,
ACT,95,1258,224.0,35,0.0,1612,11,2021-10-19,,
VIC,1228,41883,4003.0,0,23884.0,70998,993,2021-10-20,,
WA,996,93,14.0,9,0.0,1112,9,2021-10-20,,
Australia,8477,70416,46378.0,243,23884.0,149398,1577,2021-10-20,,
ACT,95,1274,232.0,35,0.0,1636,11,2021-10-20,,
NSW,3668,26356,42068.0,110,0.0,72202,540,2021-10-20,,
NT,204,11,0.0,10,0.0,225,0,2021-10-20,,
QLD,1513,479,47.0,33,0.0,2072,7,2021-10-20,,
SA,688,179,9.0,40,0.0,916,4,2021-10-20,,
TAS,85,141,5.0,6,0.0,237,13,2021-10-20,,
NT,204,11,0.0,10,0.0,225,0,2021-10-21,,
Australia,8487,71788,46499.0,244,24925.0,151943,1590,2021-10-21,,
ACT,95,1292,241.0,36,0.0,1664,11,2021-10-21,,
NSW,3670,26605,42175.0,110,0.0,72560,541,2021-10-21,,
QLD,1517,479,48.0,33,0.0,2077,7,2021-10-21,,
SA,689,179,9.0,40,0.0,917,4,2021-10-21,,
TAS,85,141,5.0,6,0.0,237,13,2021-10-21,,
VIC,1231,42988,4007.0,0,24925.0,73151,1005,2021-10-21,,
WA,996,93,14.0,9,0.0,1112,9,2021-10-21,,
ACT,95,1292,241.0,36,0.0,1664,11,2021-10-22,,
Australia,8487,71788,46499.0,244,24925.0,151943,1590,2021-10-22,,
VIC,1231,42988,4007.0,0,24925.0,73151,1005,2021-10-22,,
TAS,85,141,5.0,6,0.0,237,13,2021-10-22,,
SA,689,179,9.0,40,0.0,917,4,2021-10-22,,
QLD,1517,479,48.0,33,0.0,2077,7,2021-10-22,,
NT,204,11,0.0,10,0.0,225,0,2021-10-22,,
NSW,3670,26605,42175.0,110,0.0,72560,541,2021-10-22,,
WA,996,93,14.0,9,0.0,1112,9,2021-10-22,,
VIC,1235,43122,4022.0,0,28507.0,76886,1030,2021-10-23,,
TAS,85,141,5.0,6,0.0,237,13,2021-10-23,,
QLD,1522,479,47.0,34,0.0,2082,7,2021-10-23,,
SA,689,179,9.0,40,0.0,917,4,2021-10-23,,
NSW,3672,27070,42360.0,110,0.0,73212,548,2021-10-23,,
ACT,95,1321,249.0,36,0.0,1701,11,2021-10-23,,
WA,996,93,14.0,9,0.0,1112,9,2021-10-23,,
NT,204,11,0.0,10,0.0,225,0,2021-10-23,,
Australia,8498,72416,46706.0,245,28507.0,156372,1622,2021-10-23,,
Australia,8497,75333,46561.0,247,27909.0,158547,1637,2021-10-24,,
WA,996,93,14.0,9,0.0,1112,9,2021-10-24,,
VIC,1234,45598,4022.0,0,27909.0,78763,1041,2021-10-24,,
TAS,85,141,5.0,6,0.0,237,13,2021-10-24,,
SA,690,179,9.0,40,0.0,918,4,2021-10-24,,
QLD,1522,479,47.0,34,0.0,2082,7,2021-10-24,,
NT,204,11,0.0,10,0.0,225,0,2021-10-24,,
NSW,3671,27502,42217.0,110,0.0,73500,552,2021-10-24,,
ACT,95,1330,247.0,38,0.0,1710,11,2021-10-24,,
WA,996,93,14.0,9,0.0,1112,9,2021-10-25,,
TAS,85,141,5.0,6,0.0,237,13,2021-10-25,,
SA,690,179,9.0,40,0.0,918,4,2021-10-25,,
QLD,1522,479,47.0,34,0.0,2082,7,2021-10-25,,
NT,204,11,0.0,10,0.0,225,0,2021-10-25,,
NSW,3671,27973,42031.0,110,0.0,73785,556,2021-10-25,,
ACT,95,1338,249.0,37,0.0,1719,11,2021-10-25,,
Australia,8497,75869,46377.0,246,29241.0,160230,1648,2021-10-25,,
VIC,1234,45655,4022.0,0,29241.0,80152,1048,2021-10-25,,
ACT,96,1348,250.0,37,0.0,1731,11,2021-10-26,,
NSW,3673,28671,41603.0,110,0.0,74057,557,2021-10-26,,
NT,204,11,0.0,10,0.0,225,0,2021-10-26,,
QLD,1523,480,47.0,35,0.0,2085,7,2021-10-26,,
SA,690,179,9.0,40,0.0,918,4,2021-10-26,,
WA,996,93,14.0,9,0.0,1112,9,2021-10-26,,
VIC,1234,46628,4036.0,0,29753.0,81651,1052,2021-10-26,,
Australia,8501,77551,45964.0,247,29753.0,162016,1653,2021-10-26,,
TAS,85,141,5.0,6,0.0,237,13,2021-10-26,,
WA,996,93,14.0,9,0.0,1112,9,2021-10-27,,
TAS,85,141,5.0,6,0.0,237,13,2021-10-27,,
SA,690,179,9.0,40,0.0,918,4,2021-10-27,,
QLD,1524,480,47.0,35,0.0,2086,7,2021-10-27,,
VIC,1233,48120,4045.0,0,29700.0,83098,1065,2021-10-27,,
NSW,3674,29909,40659.0,110,0.0,74352,560,2021-10-27,,
ACT,96,1356,251.0,38,0.0,1741,11,2021-10-27,,
Australia,8502,80289,45030.0,248,29700.0,163769,1669,2021-10-27,,
NT,204,11,0.0,10,0.0,225,0,2021-10-27,,
ACT,96,1364,251.0,38,0.0,1749,11,2021-10-28,,
NT,204,11,0.0,10,0.0,225,0,2021-10-28,,
QLD,1525,480,47.0,35,0.0,2087,7,2021-10-28,,
SA,690,179,9.0,40,0.0,918,4,2021-10-28,,
TAS,85,141,5.0,6,0.0,237,13,2021-10-28,,
WA,996,93,14.0,9,0.0,1112,9,2021-10-28,,
NSW,3674,30425,40425.0,110,0.0,74634,562,2021-10-28,,
Australia,8503,81756,44798.0,248,30599.0,165904,1696,2021-10-28,,
VIC,1233,49063,4047.0,0,30599.0,84942,1090,2021-10-28,,
SA,690,179,9.0,40,0.0,918,4,2021-10-29,,
Australia,8507,83166,44461.0,248,31408.0,167790,1708,2021-10-29,,
ACT,96,1370,255.0,38,0.0,1759,11,2021-10-29,,
NSW,3675,31032,40070.0,110,0.0,74887,564,2021-10-29,,
NT,204,11,0.0,10,0.0,225,0,2021-10-29,,
QLD,1527,480,47.0,35,0.0,2089,7,2021-10-29,,
TAS,85,141,5.0,6,0.0,237,13,2021-10-29,,
VIC,1234,49860,4061.0,0,31408.0,86563,1100,2021-10-29,,
WA,996,93,14.0,9,0.0,1112,9,2021-10-29,,
TAS,85,141,5.0,6,0.0,237,13,2021-10-30,,
SA,690,179,9.0,40,0.0,918,4,2021-10-30,,
QLD,1527,480,47.0,35,0.0,2089,7,2021-10-30,,
NT,204,11,0.0,10,0.0,225,0,2021-10-30,,
NSW,3676,31431,39895.0,110,0.0,75112,567,2021-10-30,,
ACT,96,1375,255.0,42,0.0,1768,11,2021-10-30,,
VIC,1234,50829,4074.0,0,31757.0,87894,1111,2021-10-30,,
WA,996,93,14.0,9,0.0,1112,9,2021-10-30,,
Australia,8508,84539,44299.0,252,31757.0,169355,1722,2021-10-30,,
VIC,1234,51257,4092.0,0,32241.0,88824,1122,2021-10-31,,
Australia,8509,85428,44028.0,252,32241.0,170458,1734,2021-10-31,,
ACT,96,1382,255.0,42,0.0,1775,11,2021-10-31,,
NSW,3677,31885,39606.0,110,0.0,75278,568,2021-10-31,,
TAS,85,141,5.0,6,0.0,237,13,2021-10-31,,
NT,204,11,0.0,10,0.0,225,0,2021-10-31,,
QLD,1527,480,47.0,35,0.0,2089,7,2021-10-31,,
SA,690,179,9.0,40,0.0,918,4,2021-10-31,,
WA,996,93,14.0,9,0.0,1112,9,2021-10-31,,
WA,996,93,14.0,9,0.0,1112,9,2021-11-01,,
VIC,1234,51317,4096.0,0,33614.0,90261,1125,2021-11-01,,
TAS,85,141,5.0,6,0.0,237,13,2021-11-01,,
SA,690,179,9.0,40,0.0,918,4,2021-11-01,,
QLD,1528,480,47.0,35,0.0,2090,7,2021-11-01,,
NT,204,11,0.0,10,0.0,225,0,2021-11-01,,
NSW,3676,32490,39130.0,111,0.0,75407,572,2021-11-01,,
ACT,96,1386,256.0,42,0.0,1780,13,2021-11-01,,
Australia,8509,86097,43557.0,253,33614.0,172030,1743,2021-11-01,,
TAS,85,141,5.0,6,0.0,237,13,2021-11-02,,
Australia,8509,87998,43139.0,255,33264.0,173165,1756,2021-11-02,,
ACT,96,1394,256.0,42,0.0,1788,13,2021-11-02,,
NSW,3676,33091,38698.0,113,0.0,75578,576,2021-11-02,,
NT,204,11,0.0,10,0.0,225,0,2021-11-02,,
QLD,1528,480,47.0,35,0.0,2090,7,2021-11-02,,
SA,690,179,9.0,40,0.0,918,4,2021-11-02,,
WA,996,93,14.0,9,0.0,1112,9,2021-11-02,,
VIC,1234,52609,4110.0,0,33264.0,91217,1134,2021-11-02,,
NSW,3676,33636,38339.0,114,0.0,75765,580,2021-11-03,,
NT,204,11,0.0,10,0.0,225,0,2021-11-03,,
SA,690,179,9.0,40,0.0,918,4,2021-11-03,,
QLD,1527,480,47.0,35,0.0,2089,7,2021-11-03,,
VIC,1234,53225,4112.0,0,33555.0,92126,1142,2021-11-03,,
WA,996,93,14.0,9,0.0,1112,9,2021-11-03,,
ACT,96,1407,258.0,42,0.0,1803,13,2021-11-03,,
TAS,85,141,5.0,6,0.0,237,13,2021-11-03,,
Australia,8508,89172,42784.0,256,33555.0,174275,1768,2021-11-03,,
QLD,1527,481,47.0,36,1.0,2092,7,2021-11-04,,
ACT,96,1420,257.0,42,1.0,1816,13,2021-11-04,,
Australia,8510,90602,42369.0,259,34073.0,175813,1781,2021-11-04,,
VIC,1234,53907,4127.0,0,34071.0,93339,1151,2021-11-04,,
TAS,85,141,5.0,6,0.0,237,13,2021-11-04,,
SA,690,179,9.0,40,0.0,918,4,2021-11-04,,
WA,996,93,14.0,9,0.0,1112,9,2021-11-04,,
NT,205,11,0.0,10,0.0,226,0,2021-11-04,,
NSW,3677,34370,37910.0,116,0.0,76073,584,2021-11-04,,
VIC,1234,54528,4133.0,0,34774.0,94669,1161,2021-11-05,,
ACT,97,1424,258.0,42,1.0,1822,14,2021-11-05,,
TAS,85,141,5.0,6,0.0,237,13,2021-11-05,,
SA,690,179,9.0,40,0.0,918,4,2021-11-05,,
QLD,1529,481,47.0,36,1.0,2094,7,2021-11-05,,
NT,205,11,1.0,10,0.0,227,0,2021-11-05,,
NSW,3677,34981,37539.0,117,0.0,76314,587,2021-11-05,,
WA,996,93,14.0,9,0.0,1112,9,2021-11-05,,
Australia,8513,91838,42006.0,260,34776.0,177393,1795,2021-11-05,,
NT,205,12,1.0,10,1.0,229,0,2021-11-06,,
SA,690,179,9.0,40,0.0,918,4,2021-11-06,,
QLD,1529,482,47.0,37,0.0,2095,7,2021-11-06,,
NSW,3678,35541,37243.0,118,0.0,76580,590,2021-11-06,,
ACT,97,1436,264.0,43,0.0,1840,14,2021-11-06,,
Australia,8514,93031,41731.0,263,35389.0,178928,1805,2021-11-06,,
WA,996,93,14.0,9,0.0,1112,9,2021-11-06,,
TAS,85,141,5.0,6,0.0,237,13,2021-11-06,,
VIC,1234,55147,4148.0,0,35388.0,95917,1168,2021-11-06,,
Australia,8517,94154,41518.0,266,35852.0,180307,1815,2021-11-07,,
VIC,1234,55800,4157.0,0,35852.0,97043,1177,2021-11-07,,
WA,996,93,14.0,9,0.0,1112,9,2021-11-07,,
NSW,3679,35999,37019.0,120,0.0,76817,591,2021-11-07,,
NT,205,12,2.0,10,0.0,229,0,2021-11-07,,
ACT,97,1448,265.0,43,0.0,1853,14,2021-11-07,,
SA,690,179,9.0,40,0.0,918,4,2021-11-07,,
TAS,85,141,5.0,6,0.0,237,13,2021-11-07,,
QLD,1531,482,47.0,38,0.0,2098,7,2021-11-07,,
Australia,8518,95383,41194.0,267,36216.0,181578,1827,2021-11-08,,
NSW,3680,36517,36671.0,120,0.0,76988,598,2021-11-08,,
NT,205,12,2.0,10,0.0,229,0,2021-11-08,,
QLD,1531,482,47.0,38,0.0,2098,7,2021-11-08,,
SA,690,179,9.0,40,0.0,918,4,2021-11-08,,
TAS,85,141,5.0,6,0.0,237,13,2021-11-08,,
VIC,1234,56499,4181.0,0,36216.0,98130,1182,2021-11-08,,
WA,996,93,14.0,9,0.0,1112,9,2021-11-08,,
ACT,97,1460,265.0,44,0.0,1866,14,2021-11-08,,
WA,996,93,14.0,9,0.0,1112,9,2021-11-09,,
VIC,1234,57056,4205.0,0,36688.0,99183,1192,2021-11-09,,
Australia,8522,96560,40829.0,271,36688.0,182870,1841,2021-11-09,,
TAS,85,141,5.0,6,0.0,237,13,2021-11-09,,
SA,690,179,9.0,40,0.0,918,4,2021-11-09,,
QLD,1532,482,47.0,38,0.0,2099,7,2021-11-09,,
NT,205,14,0.0,11,0.0,230,0,2021-11-09,,
NSW,3682,37119,36285.0,121,0.0,77207,602,2021-11-09,,
ACT,98,1476,264.0,46,0.0,1884,14,2021-11-09,,
WA,996,93,14.0,9,0.0,1112,9,2021-11-10,,
VIC,1234,57516,4234.0,0,37178.0,100162,1206,2021-11-10,,
TAS,85,141,5.0,6,0.0,237,13,2021-11-10,,
SA,690,179,9.0,40,0.0,918,4,2021-11-10,,
NT,205,14,0.0,12,0.0,231,0,2021-11-10,,
NSW,3685,37692,35918.0,122,0.0,77417,605,2021-11-10,,
ACT,98,1483,265.0,47,0.0,1893,14,2021-11-10,,
Australia,8525,97601,40493.0,275,37178.0,184072,1858,2021-11-10,,
QLD,1532,483,48.0,39,0.0,2102,7,2021-11-10,,
VIC,1234,57573,4283.0,0,38361.0,101451,1209,2021-11-11,,
ACT,98,1501,253.0,50,0.0,1902,14,2021-11-11,,
Australia,8529,98165,40293.0,279,38361.0,185627,1862,2021-11-11,,
QLD,1533,484,49.0,39,0.0,2105,7,2021-11-11,,
SA,690,179,9.0,40,0.0,918,4,2021-11-11,,
WA,996,93,14.0,9,0.0,1112,9,2021-11-11,,
NT,205,14,0.0,12,0.0,231,0,2021-11-11,,
TAS,85,141,5.0,6,0.0,237,13,2021-11-11,,
NSW,3688,38180,35680.0,123,0.0,77671,606,2021-11-11,,
NSW,3688,38815,35324.0,124,0.0,77951,608,2021-11-12,,
NT,205,14,0.0,12,0.0,231,0,2021-11-12,,
Australia,8532,99817,39976.0,281,38422.0,187028,1873,2021-11-12,,
QLD,1535,486,49.0,39,0.0,2109,7,2021-11-12,,
TAS,85,141,5.0,6,0.0,237,13,2021-11-12,,
ACT,98,1510,258.0,51,0.0,1917,14,2021-11-12,,
SA,691,179,9.0,40,0.0,919,4,2021-11-12,,
WA,996,93,14.0,9,0.0,1112,9,2021-11-12,,
VIC,1234,58579,4317.0,0,38422.0,102552,1218,2021-11-12,,
VIC,1234,59073,4334.0,0,39119.0,103760,1222,2021-11-13,,
TAS,85,141,5.0,6,0.0,237,13,2021-11-13,,
SA,692,179,9.0,40,0.0,920,4,2021-11-13,,
NT,205,14,0.0,12,0.0,231,0,2021-11-13,,
NSW,3693,39493,34889.0,125,0.0,78200,608,2021-11-13,,
ACT,98,1516,263.0,51,0.0,1928,14,2021-11-13,,
Australia,8535,100995,39563.0,282,39119.0,188494,1877,2021-11-13,,
WA,996,93,14.0,9,0.0,1112,9,2021-11-13,,
QLD,1532,486,49.0,39,0.0,2106,7,2021-11-13,,
WA,996,93,14.0,9,0.0,1112,9,2021-11-14,,
VIC,1235,59124,4341.0,0,39946.0,104646,1226,2021-11-14,,
Australia,8536,101607,39214.0,285,39946.0,189588,1882,2021-11-14,,
TAS,85,141,5.0,6,0.0,237,13,2021-11-14,,
SA,692,179,9.0,40,0.0,920,4,2021-11-14,,
QLD,1532,486,49.0,39,0.0,2106,7,2021-11-14,,
NT,205,14,0.0,12,0.0,231,0,2021-11-14,,
NSW,3693,40045,34527.0,128,0.0,78393,609,2021-11-14,,
ACT,98,1525,269.0,51,0.0,1943,14,2021-11-14,,
TAS,85,141,5.0,7,0.0,238,13,2021-11-15,,
Australia,8541,103036,38801.0,285,39941.0,190604,1888,2021-11-15,,
ACT,98,1532,272.0,51,0.0,1953,14,2021-11-15,,
NSW,3694,40634,34101.0,127,0.0,78556,610,2021-11-15,,
NT,205,14,0.0,12,0.0,231,0,2021-11-15,,
QLD,1535,486,49.0,39,0.0,2109,7,2021-11-15,,
SA,692,179,9.0,40,0.0,920,4,2021-11-15,,
VIC,1235,59957,4351.0,0,39941.0,105484,1231,2021-11-15,,
WA,997,93,14.0,9,0.0,1113,9,2021-11-15,,
VIC,1235,60413,4371.0,0,40243.0,106262,1239,2021-11-16,,
WA,1000,93,14.0,9,0.0,1116,9,2021-11-16,,
ACT,98,1542,274.0,51,0.0,1965,14,2021-11-16,,
NSW,3696,41188,33677.0,127,78.0,78766,612,2021-11-16,,
Australia,8549,104059,38399.0,286,40321.0,191614,1898,2021-11-16,,
QLD,1536,486,49.0,39,0.0,2110,7,2021-11-16,,
SA,692,179,9.0,41,0.0,921,4,2021-11-16,,
TAS,85,141,5.0,7,0.0,238,13,2021-11-16,,
NT,207,17,0.0,12,0.0,236,0,2021-11-16,,
WA,1000,93,14.0,9,0.0,1116,9,2021-11-17,,
TAS,85,141,5.0,7,0.0,238,13,2021-11-17,,
SA,692,179,9.0,41,0.0,921,4,2021-11-17,,
QLD,1537,486,49.0,38,0.0,2110,7,2021-11-17,,
NT,206,27,0.0,12,0.0,245,0,2021-11-17,,
NSW,3700,41770,33296.0,143,85.0,78994,612,2021-11-17,,
ACT,98,1550,272.0,51,0.0,1971,14,2021-11-17,,
Australia,8553,105279,38033.0,301,40674.0,192840,1907,2021-11-17,,
VIC,1235,61033,4388.0,0,40589.0,107245,1248,2021-11-17,,
TAS,85,141,5.0,7,0.0,238,13,2021-11-18,,
SA,692,179,9.0,41,0.0,921,4,2021-11-18,,
QLD,1538,486,49.0,38,0.0,2111,7,2021-11-18,,
NT,206,33,0.0,12,0.0,251,0,2021-11-18,,
NSW,3701,42336,32933.0,147,137.0,79254,615,2021-11-18,,
ACT,98,1564,280.0,54,0.0,1996,14,2021-11-18,,
Australia,8557,106304,37721.0,308,41229.0,194119,1922,2021-11-18,,
WA,1001,93,14.0,9,0.0,1117,9,2021-11-18,,
VIC,1236,61472,4431.0,0,41092.0,108231,1260,2021-11-18,,
SA,693,179,9.0,41,0.0,922,4,2021-11-19,,
NT,206,34,0.0,12,0.0,252,0,2021-11-19,,
Australia,8560,107488,37424.0,311,41835.0,195618,1933,2021-11-19,,
QLD,1539,486,49.0,38,0.0,2112,7,2021-11-19,,
NSW,3702,42930,32594.0,150,92.0,79468,618,2021-11-19,,
ACT,98,1577,284.0,54,0.0,2013,14,2021-11-19,,
VIC,1235,62048,4469.0,0,41743.0,109495,1268,2021-11-19,,
WA,1002,93,14.0,9,0.0,1118,9,2021-11-19,,
TAS,85,141,5.0,7,0.0,238,13,2021-11-19,,
WA,1003,93,14.0,9,0.0,1119,9,2021-11-20,,
VIC,1235,62589,4502.0,0,42336.0,110662,1273,2021-11-20,,
TAS,85,141,5.0,7,0.0,238,13,2021-11-20,,
QLD,1539,486,49.0,38,0.0,2112,7,2021-11-20,,
NT,206,35,0.0,12,0.0,253,0,2021-11-20,,
NSW,3705,43472,32226.0,160,83.0,79646,618,2021-11-20,,
ACT,98,1589,285.0,54,0.0,2026,14,2021-11-20,,
Australia,8564,108584,37090.0,321,42419.0,196978,1938,2021-11-20,,
SA,693,179,9.0,41,0.0,922,4,2021-11-20,,
VIC,1235,63168,4519.0,0,43004.0,111926,1277,2021-11-21,,
WA,1004,93,14.0,9,0.0,1120,9,2021-11-21,,
SA,693,179,9.0,41,0.0,922,4,2021-11-21,,
QLD,1539,486,49.0,38,0.0,2112,7,2021-11-21,,
NT,207,43,0.0,12,2.0,264,0,2021-11-21,,
NSW,3706,44008,31853.0,166,88.0,79821,618,2021-11-21,,
ACT,98,1603,287.0,54,0.0,2042,14,2021-11-21,,
Australia,8567,109721,36736.0,327,43094.0,198445,1942,2021-11-21,,
TAS,85,141,5.0,7,0.0,238,13,2021-11-21,,
QLD,1539,486,49.0,38,0.0,2112,7,2021-11-22,,
SA,693,179,9.0,41,0.0,922,4,2021-11-22,,
VIC,1235,63761,4554.0,0,43392.0,112942,1280,2021-11-22,,
WA,1005,93,14.0,9,0.0,1121,9,2021-11-22,,
TAS,85,141,5.0,8,0.0,239,13,2021-11-22,,
Australia,8573,110686,36581.0,332,43479.0,199651,1948,2021-11-22,,
ACT,98,1609,290.0,56,0.0,2053,14,2021-11-22,,
NSW,3710,44372,31660.0,168,87.0,79997,621,2021-11-22,,
NT,208,45,0.0,12,0.0,265,0,2021-11-22,,
VIC,1235,64246,4581.0,0,43693.0,113755,1298,2021-11-23,,
TAS,85,141,5.0,8,0.0,239,13,2021-11-23,,
QLD,1540,486,49.0,38,0.0,2113,7,2021-11-23,,
NT,207,50,0.0,12,0.0,269,0,2021-11-23,,
NSW,3715,44633,31564.0,172,79.0,80163,623,2021-11-23,,
ACT,98,1625,294.0,55,0.0,2072,14,2021-11-23,,
Australia,8578,111453,36516.0,335,43772.0,200654,1968,2021-11-23,,
WA,1005,93,14.0,9,0.0,1121,9,2021-11-23,,
SA,693,179,9.0,41,0.0,922,4,2021-11-23,,
SA,693,179,9.0,41,0.0,922,4,2021-11-24,,
WA,1005,93,14.0,9,0.0,1121,9,2021-11-24,,
VIC,1236,64740,4610.0,0,44357.0,114943,1301,2021-11-24,,
TAS,85,141,5.0,8,0.0,239,13,2021-11-24,,
QLD,1542,486,49.0,38,0.0,2115,7,2021-11-24,,
NSW,3719,44798,31580.0,179,132.0,80408,625,2021-11-24,,
ACT,98,1634,295.0,60,0.0,2087,14,2021-11-24,,
NT,207,53,0.0,12,0.0,272,0,2021-11-24,,
Australia,8585,112124,36562.0,347,44489.0,202107,1973,2021-11-24,,
NSW,3728,45054,31585.0,183,131.0,80681,625,2021-11-25,,
ACT,98,1637,297.0,63,0.0,2095,14,2021-11-25,,
TAS,85,141,5.0,8,0.0,239,13,2021-11-25,,
Australia,8594,112939,36597.0,361,45159.0,203650,1978,2021-11-25,,
NT,207,62,0.0,12,0.0,281,0,2021-11-25,,
QLD,1541,486,49.0,41,0.0,2117,7,2021-11-25,,
WA,1006,93,14.0,9,0.0,1122,9,2021-11-25,,
VIC,1236,65287,4638.0,0,45028.0,116189,1306,2021-11-25,,
SA,693,179,9.0,45,0.0,926,4,2021-11-25,,
VIC,1236,65447,4656.0,0,46205.0,117544,1313,2021-11-26,,
WA,1006,93,14.0,9,0.0,1122,9,2021-11-26,,
TAS,85,141,5.0,8,0.0,239,13,2021-11-26,,
Australia,8597,113570,36402.0,364,46338.0,205271,1985,2021-11-26,,
ACT,98,1644,299.0,62,0.0,2103,14,2021-11-26,,
NSW,3731,45518,31370.0,186,133.0,80938,625,2021-11-26,,
NT,207,62,0.0,12,0.0,281,0,2021-11-26,,
QLD,1540,486,49.0,41,0.0,2116,7,2021-11-26,,
SA,694,179,9.0,46,0.0,928,4,2021-11-26,,
Australia,8601,114179,36186.0,373,47409.0,206748,1990,2021-11-27,,
ACT,98,1651,298.0,63,0.0,2110,14,2021-11-27,,
NSW,3735,46003,31129.0,191,112.0,81170,625,2021-11-27,,
QLD,1540,487,49.0,41,0.0,2117,7,2021-11-27,,
SA,694,179,9.0,49,0.0,931,4,2021-11-27,,
TAS,85,141,5.0,8,0.0,239,13,2021-11-27,,
VIC,1236,65562,4682.0,0,47297.0,118777,1318,2021-11-27,,
WA,1006,93,14.0,9,0.0,1122,9,2021-11-27,,
NT,207,63,0.0,12,0.0,282,0,2021-11-27,,
QLD,1542,487,49.0,42,0.0,2120,7,2021-11-28,,
VIC,1237,66853,4702.0,0,47023.0,119815,1322,2021-11-28,,
TAS,85,141,5.0,8,0.0,239,13,2021-11-28,,
SA,694,179,9.0,49,0.0,931,4,2021-11-28,,
WA,1006,92,14.0,9,0.0,1121,9,2021-11-28,,
NT,209,63,0.0,12,0.0,284,0,2021-11-28,,
NSW,3739,46432,30890.0,196,98.0,81355,625,2021-11-28,,
ACT,98,1656,298.0,65,0.0,2117,14,2021-11-28,,
Australia,8610,115903,35967.0,381,47121.0,207982,1994,2021-11-28,,
NSW,3749,46950,30535.0,201,64.0,81499,625,2021-11-29,,
NT,209,67,0.0,12,0.0,288,0,2021-11-29,,
QLD,1547,487,49.0,42,0.0,2125,7,2021-11-29,,
SA,695,179,9.0,49,0.0,932,4,2021-11-29,,
TAS,85,141,5.0,8,0.0,239,13,2021-11-29,,
Australia,8626,116523,35642.0,384,47967.0,209142,1997,2021-11-29,,
WA,1006,92,14.0,9,0.0,1121,9,2021-11-29,,
VIC,1237,66943,4731.0,0,47903.0,120814,1325,2021-11-29,,
ACT,98,1664,299.0,63,0.0,2124,14,2021-11-29,,
Australia,8638,118711,34465.0,389,48036.0,210239,2006,2021-11-30,,
NSW,3761,48324,29304.0,204,81.0,81674,628,2021-11-30,,
NT,209,68,0.0,12,0.0,289,0,2021-11-30,,
QLD,1547,487,49.0,44,0.0,2127,7,2021-11-30,,
SA,695,179,9.0,49,0.0,932,4,2021-11-30,,
TAS,85,141,5.0,8,0.0,239,13,2021-11-30,,
ACT,98,1670,299.0,63,0.0,2130,14,2021-11-30,,
WA,1006,92,14.0,9,0.0,1121,9,2021-11-30,,
VIC,1237,67750,4785.0,0,47955.0,121727,1331,2021-11-30,,
WA,1006,92,14.0,9,0.0,1121,9,2021-12-01,,
Australia,8652,119811,34061.0,392,48738.0,211654,2011,2021-12-01,,
ACT,98,1672,301.0,63,0.0,2134,14,2021-12-01,,
NSW,3772,48958,28864.0,206,116.0,81916,628,2021-12-01,,
NT,209,68,0.0,12,0.0,289,0,2021-12-01,,
QLD,1549,487,49.0,45,0.0,2130,7,2021-12-01,,
SA,696,179,10.0,49,0.0,934,4,2021-12-01,,
TAS,85,141,5.0,8,1.0,240,13,2021-12-01,,
VIC,1237,68214,4818.0,0,48621.0,122890,1336,2021-12-01,,
Australia,8672,120782,33937.0,406,49563.0,213360,2021,2021-12-02,,
NT,211,69,0.0,12,0.0,292,0,2021-12-02,,
ACT,98,1676,305.0,63,0.0,2142,14,2021-12-02,,
SA,696,197,9.0,51,0.0,953,4,2021-12-02,,
TAS,86,141,5.0,8,0.0,240,13,2021-12-02,,
VIC,1247,68745,4862.0,0,49445.0,124299,1346,2021-12-02,,
WA,1006,92,14.0,9,0.0,1121,9,2021-12-02,,
QLD,1549,487,50.0,47,0.0,2133,7,2021-12-02,,
NSW,3779,49375,28692.0,216,118.0,82180,628,2021-12-02,,
WA,1007,92,14.0,9,0.0,1122,9,2021-12-03,,
VIC,1252,69382,4868.0,0,49972.0,125474,1357,2021-12-03,,
TAS,86,141,5.0,8,0.0,240,13,2021-12-03,,
SA,696,197,9.0,53,2.0,957,4,2021-12-03,,
QLD,1549,487,50.0,53,0.0,2139,7,2021-12-03,,
NT,211,70,0.0,12,0.0,293,0,2021-12-03,,
NSW,3788,49882,28435.0,221,188.0,82514,628,2021-12-03,,
ACT,98,1679,304.0,65,0.0,2146,14,2021-12-03,,
Australia,8687,121930,33685.0,421,50162.0,214885,2032,2021-12-03,,
Australia,8703,122771,33660.0,435,51007.0,216576,2042,2021-12-04,,
VIC,1260,69842,4908.0,0,50813.0,126823,1365,2021-12-04,,
ACT,98,1679,307.0,69,0.0,2153,14,2021-12-04,,
NSW,3793,50256,28367.0,230,191.0,82837,629,2021-12-04,,
WA,1007,92,14.0,9,0.0,1122,9,2021-12-04,,
QLD,1552,491,50.0,51,1.0,2145,7,2021-12-04,,
SA,696,200,9.0,55,2.0,962,4,2021-12-04,,
TAS,86,141,5.0,8,0.0,240,13,2021-12-04,,
NT,211,70,0.0,13,0.0,294,1,2021-12-04,,
SA,697,202,9.0,57,3.0,968,4,2021-12-05,,
QLD,1553,493,49.0,56,1.0,2152,7,2021-12-05,,
NT,211,70,0.0,13,0.0,294,1,2021-12-05,,
TAS,86,141,5.0,8,0.0,240,13,2021-12-05,,
ACT,99,1684,304.0,69,0.0,2156,14,2021-12-05,,
Australia,8720,123672,33540.0,445,51462.0,217839,2050,2021-12-05,,
WA,1007,92,14.0,9,0.0,1122,9,2021-12-05,,
NSW,3807,50711,28231.0,233,136.0,83118,630,2021-12-05,,
VIC,1260,70279,4928.0,0,51322.0,127789,1372,2021-12-05,,
Australia,8720,123672,33540.0,445,51462.0,217839,2050,2021-12-06,,
ACT,99,1684,304.0,69,0.0,2156,14,2021-12-06,,
NSW,3807,50711,28231.0,233,136.0,83118,630,2021-12-06,,
NT,211,70,0.0,13,0.0,294,1,2021-12-06,,
QLD,1553,493,49.0,56,1.0,2152,7,2021-12-06,,
SA,697,202,9.0,57,3.0,968,4,2021-12-06,,
VIC,1260,70279,4928.0,0,51322.0,127789,1372,2021-12-06,,
Australia,8731,124373,33603.0,457,51954.0,219118,2056,2021-12-06,,
ACT,100,1692,303.0,69,0.0,2164,14,2021-12-06,,
NSW,3815,50893,28233.0,241,139.0,83321,630,2021-12-06,,
NT,211,72,0.0,13,0.0,296,1,2021-12-06,,
QLD,1554,493,49.0,58,1.0,2155,7,2021-12-06,,
SA,698,203,9.0,59,2.0,971,4,2021-12-06,,
TAS,86,141,5.0,8,0.0,240,13,2021-12-06,,
VIC,1260,70787,4990.0,0,51812.0,128849,1378,2021-12-06,,
WA,1007,92,14.0,9,0.0,1122,9,2021-12-06,,
Australia,8731,124373,33603.0,457,51954.0,219118,2056,2021-12-07,,
ACT,100,1692,303.0,69,0.0,2164,14,2021-12-07,,
NSW,3815,50893,28233.0,241,139.0,83321,630,2021-12-07,,
NT,211,72,0.0,13,0.0,296,1,2021-12-07,,
QLD,1554,493,49.0,58,1.0,2155,7,2021-12-07,,
SA,698,203,9.0,59,2.0,971,4,2021-12-07,,
VIC,1260,70787,4990.0,0,51812.0,128849,1378,2021-12-07,,
Australia,8756,124830,33366.0,469,53137.0,220558,2065,2021-12-07,,
ACT,101,1692,303.0,71,0.0,2167,14,2021-12-07,,
NSW,3832,51301,27991.0,250,198.0,83572,632,2021-12-07,,
NT,213,72,0.0,13,0.0,298,1,2021-12-07,,
QLD,1554,494,50.0,57,0.0,2155,7,2021-12-07,,
SA,698,205,9.0,61,2.0,975,4,2021-12-07,,
TAS,86,141,5.0,8,0.0,240,13,2021-12-07,,
VIC,1265,70833,4994.0,0,52937.0,130029,1385,2021-12-07,,
WA,1007,92,14.0,9,0.0,1122,9,2021-12-07,,
Australia,8756,124830,33366.0,469,53137.0,220558,2065,2021-12-08,,
ACT,101,1692,303.0,71,0.0,2167,14,2021-12-08,,
NSW,3832,51301,27991.0,250,198.0,83572,632,2021-12-08,,
NT,213,72,0.0,13,0.0,298,1,2021-12-08,,
QLD,1554,494,50.0,57,0.0,2155,7,2021-12-08,,
SA,698,205,9.0,61,2.0,975,4,2021-12-08,,
VIC,1265,70833,4994.0,0,52937.0,130029,1385,2021-12-08,,
Australia,8772,126209,33247.0,477,53556.0,222261,2072,2021-12-08,,
ACT,101,1699,303.0,72,0.0,2175,15,2021-12-08,,
NSW,3838,51716,27866.0,257,290.0,83967,633,2021-12-08,,
NT,213,73,0.0,13,0.0,299,1,2021-12-08,,
QLD,1554,495,50.0,58,0.0,2157,7,2021-12-08,,
SA,699,207,10.0,60,0.0,976,4,2021-12-08,,
TAS,86,141,5.0,8,0.0,240,13,2021-12-08,,
VIC,1274,71786,4999.0,0,53266.0,131325,1390,2021-12-08,,
WA,1007,92,14.0,9,0.0,1122,9,2021-12-08,,
Australia,8772,126209,33247.0,477,53556.0,222261,2072,2021-12-09,,
ACT,101,1699,303.0,72,0.0,2175,15,2021-12-09,,
NSW,3838,51716,27866.0,257,290.0,83967,633,2021-12-09,,
NT,213,73,0.0,13,0.0,299,1,2021-12-09,,
SA,699,207,10.0,60,0.0,976,4,2021-12-09,,
VIC,1274,71786,4999.0,0,53266.0,131325,1390,2021-12-09,,
WA,1007,92,14.0,9,0.0,1122,9,2021-12-09,,
Australia,8794,127082,33282.0,483,54271.0,223912,2082,2021-12-09,,
ACT,102,1701,304.0,72,0.0,2179,15,2021-12-09,,
NSW,3849,52064,27894.0,260,317.0,84384,634,2021-12-09,,
NT,215,76,0.0,13,0.0,304,1,2021-12-09,,
QLD,1554,495,50.0,58,0.0,2157,7,2021-12-09,,
SA,701,209,10.0,63,0.0,983,4,2021-12-09,,
TAS,86,141,5.0,8,0.0,240,13,2021-12-09,,
VIC,1279,72304,5005.0,0,53954.0,132542,1399,2021-12-09,,
WA,1008,92,14.0,9,0.0,1123,9,2021-12-09,,
Australia,8794,127082,33282.0,483,54271.0,223912,2082,2021-12-10,,
ACT,102,1701,304.0,72,0.0,2179,15,2021-12-10,,
NSW,3849,52064,27894.0,260,317.0,84384,634,2021-12-10,,
NT,215,76,0.0,13,0.0,304,1,2021-12-10,,
QLD,1554,495,50.0,58,0.0,2157,7,2021-12-10,,
SA,701,209,10.0,63,0.0,983,4,2021-12-10,,
VIC,1279,72304,5005.0,0,53954.0,132542,1399,2021-12-10,,
Australia,8813,128035,33260.0,499,55033.0,225640,2084,2021-12-10,,
ACT,102,1704,305.0,74,0.0,2185,15,2021-12-10,,
NSW,3855,52500,27864.0,266,410.0,84895,634,2021-12-10,,
NT,215,78,0.0,13,1.0,307,1,2021-12-10,,
QLD,1555,497,51.0,62,0.0,2165,7,2021-12-10,,
SA,702,211,11.0,67,0.0,991,4,2021-12-10,,
TAS,86,141,5.0,8,0.0,240,13,2021-12-10,,
VIC,1290,72812,5010.0,0,54622.0,133734,1401,2021-12-10,,
WA,1008,92,14.0,9,0.0,1123,9,2021-12-10,,
Australia,8813,128035,33260.0,499,55033.0,225640,2084,2021-12-11,,
ACT,102,1704,305.0,74,0.0,2185,15,2021-12-11,,
NSW,3855,52500,27864.0,266,410.0,84895,634,2021-12-11,,
NT,215,78,0.0,13,1.0,307,1,2021-12-11,,
QLD,1555,497,51.0,62,0.0,2165,7,2021-12-11,,
SA,702,211,11.0,67,0.0,991,4,2021-12-11,,
VIC,1290,72812,5010.0,0,54622.0,133734,1401,2021-12-11,,
Australia,8835,128903,33351.0,511,55788.0,227388,2100,2021-12-11,,
ACT,104,1711,305.0,76,0.0,2196,15,2021-12-11,,
NSW,3868,52918,27947.0,275,439.0,85447,637,2021-12-11,,
NT,215,78,0.0,13,0.0,306,1,2021-12-11,,
QLD,1555,499,51.0,62,0.0,2167,7,2021-12-11,,
SA,702,214,14.0,68,0.0,998,4,2021-12-11,,
TAS,86,141,5.0,8,0.0,240,13,2021-12-11,,
VIC,1297,73250,5015.0,0,55349.0,134911,1414,2021-12-11,,
WA,1008,92,14.0,9,0.0,1123,9,2021-12-11,,
Australia,8835,128903,33351.0,511,55788.0,227388,2100,2021-12-12,,
ACT,104,1711,305.0,76,0.0,2196,15,2021-12-12,,
NSW,3868,52918,27947.0,275,439.0,85447,637,2021-12-12,,
NT,215,78,0.0,13,0.0,306,1,2021-12-12,,
QLD,1555,499,51.0,62,0.0,2167,7,2021-12-12,,
SA,702,214,14.0,68,0.0,998,4,2021-12-12,,
VIC,1297,73250,5015.0,0,55349.0,134911,1414,2021-12-12,,
Australia,8848,129707,33455.0,512,56408.0,228930,2104,2021-12-12,,
ACT,105,1715,303.0,74,0.0,2197,15,2021-12-12,,
NSW,3879,53242,28051.0,277,475.0,85924,639,2021-12-12,,
NT,216,82,0.0,13,0.0,311,1,2021-12-12,,
QLD,1556,499,51.0,62,0.0,2168,7,2021-12-12,,
SA,702,220,14.0,69,3.0,1008,4,2021-12-12,,
TAS,86,141,5.0,8,0.0,240,13,2021-12-12,,
VIC,1296,73716,5017.0,0,55930.0,135959,1416,2021-12-12,,
WA,1008,92,14.0,9,0.0,1123,9,2021-12-12,,
Australia,8848,129707,33455.0,512,56408.0,228930,2104,2021-12-13,,
ACT,105,1715,303.0,74,0.0,2197,15,2021-12-13,,
NSW,3879,53242,28051.0,277,475.0,85924,639,2021-12-13,,
NT,216,82,0.0,13,0.0,311,1,2021-12-13,,
QLD,1556,499,51.0,62,0.0,2168,7,2021-12-13,,
SA,702,220,14.0,69,3.0,1008,4,2021-12-13,,
VIC,1296,73716,5017.0,0,55930.0,135959,1416,2021-12-13,,
WA,1008,92,14.0,9,0.0,1123,9,2021-12-13,,
Australia,8862,130750,33412.0,530,57199.0,230753,2106,2021-12-13,,
ACT,106,1715,302.0,77,0.0,2200,15,2021-12-13,,
NSW,3889,53844,27981.0,278,461.0,86453,639,2021-12-13,,
NT,216,84,0.0,13,0.0,313,1,2021-12-13,,
QLD,1557,498,51.0,70,0.0,2176,7,2021-12-13,,
SA,704,226,15.0,75,0.0,1020,4,2021-12-13,,
TAS,86,141,5.0,8,0.0,240,13,2021-12-13,,
VIC,1295,74150,5044.0,0,56738.0,137227,1418,2021-12-13,,
WA,1009,92,14.0,9,0.0,1124,9,2021-12-13,,
Australia,8862,130750,33412.0,530,57199.0,230753,2106,2021-12-14,,
ACT,106,1715,302.0,77,0.0,2200,15,2021-12-14,,
NSW,3889,53844,27981.0,278,461.0,86453,639,2021-12-14,,
NT,216,84,0.0,13,0.0,313,1,2021-12-14,,
QLD,1557,498,51.0,70,0.0,2176,7,2021-12-14,,
SA,704,226,15.0,75,0.0,1020,4,2021-12-14,,
VIC,1295,74150,5044.0,0,56738.0,137227,1418,2021-12-14,,
WA,1009,92,14.0,9,0.0,1124,9,2021-12-14,,
Australia,8900,131341,33425.0,537,58562.0,232765,2113,2021-12-14,,
ACT,108,1717,302.0,77,0.0,2204,15,2021-12-14,,
NSW,3902,54354,27973.0,283,736.0,87248,640,2021-12-14,,
NT,216,99,0.0,13,0.0,328,1,2021-12-14,,
QLD,1558,498,51.0,73,0.0,2180,7,2021-12-14,,
SA,704,232,16.0,74,5.0,1031,4,2021-12-14,,
TAS,86,141,5.0,8,0.0,240,13,2021-12-14,,
VIC,1316,74208,5064.0,0,57821.0,138409,1424,2021-12-14,,
WA,1010,92,14.0,9,0.0,1125,9,2021-12-14,,
Australia,8900,131341,33425.0,537,58562.0,232765,2113,2021-12-15,,
ACT,108,1717,302.0,77,0.0,2204,15,2021-12-15,,
NSW,3902,54354,27973.0,283,736.0,87248,640,2021-12-15,,
NT,216,99,0.0,13,0.0,328,1,2021-12-15,,
QLD,1558,498,51.0,73,0.0,2180,7,2021-12-15,,
SA,704,232,16.0,74,5.0,1031,4,2021-12-15,,
VIC,1316,74208,5064.0,0,57821.0,138409,1424,2021-12-15,,
Australia,8945,132741,33571.0,557,59748.0,235562,2117,2021-12-15,,
ACT,109,1718,302.0,82,0.0,2211,15,2021-12-15,,
NSW,3921,54848,28100.0,290,1436.0,88595,641,2021-12-15,,
NT,223,106,0.0,13,0.0,342,1,2021-12-15,,
QLD,1559,498,52.0,78,1.0,2188,7,2021-12-15,,
SA,705,250,20.0,77,5.0,1057,4,2021-12-15,,
TAS,86,141,5.0,8,0.0,240,13,2021-12-15,,
VIC,1332,75088,5078.0,0,58306.0,139804,1427,2021-12-15,,
WA,1010,92,14.0,9,0.0,1125,9,2021-12-15,,
Australia,8945,132741,33571.0,557,59748.0,235562,2117,2021-12-16,,
ACT,109,1718,302.0,82,0.0,2211,15,2021-12-16,,
NSW,3921,54848,28100.0,290,1436.0,88595,641,2021-12-16,,
NT,223,106,0.0,13,0.0,342,1,2021-12-16,,
QLD,1559,498,52.0,78,1.0,2188,7,2021-12-16,,
SA,705,250,20.0,77,5.0,1057,4,2021-12-16,,
TAS,86,141,5.0,8,0.0,240,13,2021-12-16,,
VIC,1332,75088,5078.0,0,58306.0,139804,1427,2021-12-16,,
Australia,8974,134289,33822.0,598,61286.0,238969,2126,2021-12-16,,
ACT,110,1719,303.0,90,0.0,2222,15,2021-12-16,,
NSW,3934,55720,28328.0,301,2050.0,90333,641,2021-12-16,,
NT,223,106,0.0,14,0.0,343,1,2021-12-16,,
QLD,1562,500,53.0,90,4.0,2209,7,2021-12-16,,
SA,706,260,24.0,85,6.0,1081,4,2021-12-16,,
TAS,86,141,5.0,9,0.0,241,13,2021-12-16,,
VIC,1343,75751,5095.0,0,59226.0,141415,1436,2021-12-16,,
WA,1010,92,14.0,9,0.0,1125,9,2021-12-16,,
Australia,8974,134289,33822.0,598,61286.0,238969,2126,2021-12-17,,
ACT,110,1719,303.0,90,0.0,2222,15,2021-12-17,,
NSW,3934,55720,28328.0,301,2050.0,90333,641,2021-12-17,,
NT,223,106,0.0,14,0.0,343,1,2021-12-17,,
QLD,1562,500,53.0,90,4.0,2209,7,2021-12-17,,
SA,706,260,24.0,85,6.0,1081,4,2021-12-17,,
TAS,86,141,5.0,9,0.0,241,13,2021-12-17,,
VIC,1343,75751,5095.0,0,59226.0,141415,1436,2021-12-17,,
Australia,9005,136145,34148.0,631,62838.0,242767,2134,2021-12-17,,
ACT,110,1726,304.0,102,0.0,2242,15,2021-12-17,,
NSW,3943,56930,28636.0,314,2709.0,92532,642,2021-12-17,,
NT,223,109,0.0,16,0.0,348,1,2021-12-17,,
QLD,1567,506,59.0,93,2.0,2227,7,2021-12-17,,
SA,708,302,32.0,86,15.0,1143,4,2021-12-17,,
TAS,86,141,5.0,11,0.0,243,13,2021-12-17,,
VIC,1358,76339,5098.0,0,60112.0,142907,1443,2021-12-17,,
WA,1010,92,14.0,9,0.0,1125,9,2021-12-17,,
Australia,9005,136145,34148.0,631,62838.0,242767,2134,2021-12-18,,
ACT,110,1726,304.0,102,0.0,2242,15,2021-12-18,,
NSW,3943,56930,28636.0,314,2709.0,92532,642,2021-12-18,,
NT,223,109,0.0,16,0.0,348,1,2021-12-18,,
QLD,1567,506,59.0,93,2.0,2227,7,2021-12-18,,
SA,708,302,32.0,86,15.0,1143,4,2021-12-18,,
TAS,86,141,5.0,11,0.0,243,13,2021-12-18,,
VIC,1358,76339,5098.0,0,60112.0,142907,1443,2021-12-18,,
Australia,9033,137936,34504.0,656,64668.0,246797,2142,2021-12-18,,
ACT,110,1736,305.0,109,0.0,2260,15,2021-12-18,,
NSW,3962,58176,28982.0,323,3557.0,95000,643,2021-12-18,,
NT,223,113,0.0,16,0.0,352,1,2021-12-18,,
QLD,1569,515,60.0,98,16.0,2258,7,2021-12-18,,
SA,709,330,38.0,89,50.0,1216,4,2021-12-18,,
TAS,86,141,5.0,12,0.0,244,13,2021-12-18,,
VIC,1364,76833,5100.0,0,61045.0,144342,1450,2021-12-18,,
WA,1010,92,14.0,9,0.0,1125,9,2021-12-18,,
Australia,9033,137936,34504.0,656,64668.0,246797,2142,2021-12-19,,
ACT,110,1736,305.0,109,0.0,2260,15,2021-12-19,,
NSW,3962,58176,28982.0,323,3557.0,95000,643,2021-12-19,,
NT,223,113,0.0,16,0.0,352,1,2021-12-19,,
QLD,1569,515,60.0,98,16.0,2258,7,2021-12-19,,
SA,709,330,38.0,89,50.0,1216,4,2021-12-19,,
TAS,86,141,5.0,12,0.0,244,13,2021-12-19,,
VIC,1364,76833,5100.0,0,61045.0,144342,1450,2021-12-19,,
Australia,9073,139820,34770.0,680,66385.0,250728,2146,2021-12-19,,
ACT,112,1756,298.0,108,4.0,2278,15,2021-12-19,,
NSW,3991,59445,29251.0,333,4538.0,97558,643,2021-12-19,,
NT,225,116,0.0,16,0.0,357,1,2021-12-19,,
QLD,1570,525,64.0,107,31.0,2297,7,2021-12-19,,
SA,709,382,36.0,95,74.0,1296,4,2021-12-19,,
TAS,87,141,5.0,12,2.0,247,13,2021-12-19,,
VIC,1369,77363,5102.0,0,61736.0,145570,1454,2021-12-19,,
WA,1010,92,14.0,9,0.0,1125,9,2021-12-19,,
Australia,9073,139820,34770.0,680,66385.0,250728,2146,2021-12-20,,
ACT,112,1756,298.0,108,4.0,2278,15,2021-12-20,,
NSW,3991,59445,29251.0,333,4538.0,97558,643,2021-12-20,,
NT,225,116,0.0,16,0.0,357,1,2021-12-20,,
QLD,1570,525,64.0,107,31.0,2297,7,2021-12-20,,
SA,709,382,36.0,95,74.0,1296,4,2021-12-20,,
TAS,87,141,5.0,12,2.0,247,13,2021-12-20,,
VIC,1369,77363,5102.0,0,61736.0,145570,1454,2021-12-20,,
Australia,9107,141418,35050.0,709,68401.0,254685,2146,2021-12-20,,
ACT,112,1761,298.0,114,6.0,2291,15,2021-12-20,,
NSW,4016,60463,29522.0,340,5699.0,100040,643,2021-12-20,,
NT,225,122,0.0,16,0.0,363,1,2021-12-20,,
QLD,1573,546,62.0,115,60.0,2356,7,2021-12-20,,
SA,709,432,37.0,98,124.0,1400,4,2021-12-20,,
TAS,88,141,5.0,17,0.0,251,13,2021-12-20,,
VIC,1374,77861,5112.0,0,62512.0,146859,1454,2021-12-20,,
WA,1010,92,14.0,9,0.0,1125,9,2021-12-20,,
Australia,9107,141418,35050.0,709,68401.0,254685,2146,2021-12-21,,
ACT,112,1761,298.0,114,6.0,2291,15,2021-12-21,,
NSW,4016,60463,29522.0,340,5699.0,100040,643,2021-12-21,,
NT,225,122,0.0,16,0.0,363,1,2021-12-21,,
QLD,1573,546,62.0,115,60.0,2356,7,2021-12-21,,
SA,709,432,37.0,98,124.0,1400,4,2021-12-21,,
TAS,88,141,5.0,17,0.0,251,13,2021-12-21,,
VIC,1374,77861,5112.0,0,62512.0,146859,1454,2021-12-21,,
WA,1010,92,14.0,9,0.0,1125,9,2021-12-21,,
Australia,9178,143259,35414.0,744,70612.0,259207,2154,2021-12-21,,
ACT,113,1767,299.0,120,8.0,2307,15,2021-12-21,,
NSW,4046,61628,29860.0,347,7192.0,103073,645,2021-12-21,,
NT,225,133,0.0,18,0.0,376,1,2021-12-21,,
QLD,1579,561,62.0,121,105.0,2428,7,2021-12-21,,
SA,712,482,54.0,111,195.0,1554,4,2021-12-21,,
TAS,88,142,5.0,18,1.0,254,13,2021-12-21,,
VIC,1404,78454,5120.0,0,63111.0,148089,1460,2021-12-21,,
WA,1011,92,14.0,9,0.0,1126,9,2021-12-21,,
Australia,9178,143259,35414.0,744,70612.0,259207,2154,2021-12-22,,
ACT,113,1767,299.0,120,8.0,2307,15,2021-12-22,,
NSW,4046,61628,29860.0,347,7192.0,103073,645,2021-12-22,,
NT,225,133,0.0,18,0.0,376,1,2021-12-22,,
QLD,1579,561,62.0,121,105.0,2428,7,2021-12-22,,
SA,712,482,54.0,111,195.0,1554,4,2021-12-22,,
TAS,88,142,5.0,18,1.0,254,13,2021-12-22,,
VIC,1404,78454,5120.0,0,63111.0,148089,1460,2021-12-22,,
WA,1011,92,14.0,9,0.0,1126,9,2021-12-22,,
Australia,9344,147053,36567.0,858,79720.0,273542,2173,2021-12-24,,
ACT,118,1826,310.0,162,34.0,2450,15,2021-12-24,,
NSW,4097,63880,30915.0,356,13248.0,112496,648,2021-12-24,,
NT,226,143,1.0,22,1.0,393,1,2021-12-24,,
QLD,1581,599,89.0,134,574.0,2977,7,2021-12-24,,
SA,714,752,79.0,148,536.0,2229,4,2021-12-24,,
TAS,89,143,6.0,25,25.0,288,13,2021-12-24,,
VIC,1505,79617,5153.0,0,65302.0,151577,1476,2021-12-24,,
WA,1014,93,14.0,11,0.0,1132,9,2021-12-24,,
Australia,9405,149129,37317.0,915,85823.0,282589,2182,2021-12-24,,
ACT,118,1886,311.0,181,56.0,2552,15,2021-12-24,,
NSW,4135,65236,31599.0,362,16742.0,118074,649,2021-12-24,,
NT,226,144,1.0,28,0.0,399,1,2021-12-24,,
QLD,1582,646,113.0,143,1079.0,3563,7,2021-12-24,,
SA,714,818,103.0,153,1129.0,2917,4,2021-12-24,,
TAS,89,147,6.0,37,41.0,320,13,2021-12-24,,
VIC,1527,80159,5170.0,0,66775.0,153631,1484,2021-12-24,,
WA,1014,93,14.0,11,1.0,1133,9,2021-12-24,,
Australia,9405,149129,37317.0,915,85823.0,282589,2182,2021-12-25,,
ACT,118,1886,311.0,181,56.0,2552,15,2021-12-25,,
NSW,4135,65236,31599.0,362,16742.0,118074,649,2021-12-25,,
NT,226,144,1.0,28,0.0,399,1,2021-12-25,,
QLD,1582,646,113.0,143,1079.0,3563,7,2021-12-25,,
SA,714,818,103.0,153,1129.0,2917,4,2021-12-25,,
TAS,89,147,6.0,37,41.0,320,13,2021-12-25,,
VIC,1527,80159,5170.0,0,66775.0,153631,1484,2021-12-25,,
WA,1014,93,14.0,11,1.0,1133,9,2021-12-25,,
Australia,9405,149129,37317.0,915,85823.0,282589,2182,2021-12-26,,
ACT,118,1886,311.0,181,56.0,2552,15,2021-12-26,,
NSW,4135,65236,31599.0,362,16742.0,118074,649,2021-12-26,,
NT,226,144,1.0,28,0.0,399,1,2021-12-26,,
QLD,1582,646,113.0,143,1079.0,3563,7,2021-12-26,,
SA,714,818,103.0,153,1129.0,2917,4,2021-12-26,,
TAS,89,147,6.0,37,41.0,320,13,2021-12-26,,
VIC,1527,80159,5170.0,0,66775.0,153631,1484,2021-12-26,,
WA,1014,93,14.0,11,1.0,1133,9,2021-12-26,,
Australia,9450,151572,38585.0,1122,101231.0,301960,2190,2021-12-26,,
ACT,118,1908,320.0,193,217.0,2756,15,2021-12-26,,
NSW,4149,66758,32432.0,386,26976.0,130701,649,2021-12-26,,
NT,227,162,0.0,43,0.0,432,1,2021-12-26,,
QLD,1584,759,193.0,179,2318.0,5033,7,2021-12-26,,
SA,720,1139,439.0,241,1785.0,4324,4,2021-12-26,,
TAS,92,150,8.0,68,86.0,404,13,2021-12-26,,
VIC,1542,80597,5179.0,0,69849.0,157167,1492,2021-12-26,,
WA,1018,99,14.0,12,0.0,1143,9,2021-12-26,,
Australia,9450,151572,38585.0,1122,101231.0,301960,2190,2021-12-27,,
ACT,118,1908,320.0,193,217.0,2756,15,2021-12-27,,
NSW,4149,66758,32432.0,386,26976.0,130701,649,2021-12-27,,
NT,227,162,0.0,43,0.0,432,1,2021-12-27,,
QLD,1584,759,193.0,179,2318.0,5033,7,2021-12-27,,
SA,720,1139,439.0,241,1785.0,4324,4,2021-12-27,,
TAS,92,150,8.0,68,86.0,404,13,2021-12-27,,
VIC,1542,80597,5179.0,0,69849.0,157167,1492,2021-12-27,,
WA,1018,99,14.0,12,0.0,1143,9,2021-12-27,,
Australia,9460,153517,39330.0,1172,108617.0,312096,2197,2021-12-27,,
ACT,118,1909,321.0,194,400.0,2942,15,2021-12-27,,
NSW,4155,67598,32931.0,400,31927.0,137011,652,2021-12-27,,
NT,228,169,1.0,50,0.0,448,1,2021-12-27,,
QLD,1586,793,214.0,185,3020.0,5798,7,2021-12-27,,
SA,720,1227,613.0,257,2345.0,5162,5,2021-12-27,,
TAS,92,161,15.0,74,101.0,443,13,2021-12-27,,
VIC,1543,81559,5221.0,0,70824.0,159147,1495,2021-12-27,,
WA,1018,101,14.0,12,0.0,1145,9,2021-12-27,,
Australia,9460,153517,39330.0,1172,108617.0,312096,2197,2021-12-28,,
ACT,118,1909,321.0,194,400.0,2942,15,2021-12-28,,
NSW,4155,67598,32931.0,400,31927.0,137011,652,2021-12-28,,
NT,228,169,1.0,50,0.0,448,1,2021-12-28,,
QLD,1586,793,214.0,185,3020.0,5798,7,2021-12-28,,
SA,720,1227,613.0,257,2345.0,5162,5,2021-12-28,,
TAS,92,161,15.0,74,101.0,443,13,2021-12-28,,
VIC,1543,81559,5221.0,0,70824.0,159147,1495,2021-12-28,,
WA,1018,101,14.0,12,0.0,1145,9,2021-12-28,,
Australia,9485,155934,40052.0,1230,116584.0,323285,2202,2021-12-28,,
ACT,118,1928,329.0,198,613.0,3186,15,2021-12-28,,
NSW,4166,68764,33620.0,416,36076.0,143042,653,2021-12-28,,
NT,228,176,0.0,52,0.0,456,1,2021-12-28,,
QLD,1586,862,263.0,201,4049.0,6961,7,2021-12-28,,
SA,720,1691,583.0,271,2895.0,6160,5,2021-12-28,,
TAS,94,175,19.0,79,120.0,487,13,2021-12-28,,
VIC,1553,82237,5224.0,0,72831.0,161845,1499,2021-12-28,,
WA,1020,101,14.0,13,0.0,1148,9,2021-12-28,,
Australia,9485,155934,40052.0,1230,116584.0,323285,2202,2021-12-29,,
ACT,118,1928,329.0,198,613.0,3186,15,2021-12-29,,
NSW,4166,68764,33620.0,416,36076.0,143042,653,2021-12-29,,
NT,228,176,0.0,52,0.0,456,1,2021-12-29,,
QLD,1586,862,263.0,201,4049.0,6961,7,2021-12-29,,
SA,720,1691,583.0,271,2895.0,6160,5,2021-12-29,,
TAS,94,175,19.0,79,120.0,487,13,2021-12-29,,
VIC,1553,82237,5224.0,0,72831.0,161845,1499,2021-12-29,,
Australia,9500,158468,40982.0,1288,131199.0,341437,2210,2021-12-29,,
ACT,118,2066,329.0,198,613.0,3324,15,2021-12-29,,
NSW,4172,69919,34318.0,432,45350.0,154191,656,2021-12-29,,
NT,228,185,4.0,60,0.0,477,1,2021-12-29,,
QLD,1588,941,327.0,221,5455.0,8532,7,2021-12-29,,
SA,720,1901,726.0,279,3999.0,7625,5,2021-12-29,,
TAS,94,193,24.0,85,149.0,545,13,2021-12-29,,
VIC,1560,83162,5240.0,0,75633.0,165595,1504,2021-12-29,,
WA,1020,101,14.0,13,0.0,1148,9,2021-12-29,,
Australia,9500,158468,40982.0,1288,131199.0,341437,2210,2021-12-30,,
ACT,118,2066,329.0,198,613.0,3324,15,2021-12-30,,
NSW,4172,69919,34318.0,432,45350.0,154191,656,2021-12-30,,
NT,228,185,4.0,60,0.0,477,1,2021-12-30,,
QLD,1588,941,327.0,221,5455.0,8532,7,2021-12-30,,
SA,720,1901,726.0,279,3999.0,7625,5,2021-12-30,,
TAS,94,193,24.0,85,149.0,545,13,2021-12-30,,
VIC,1560,83162,5240.0,0,75633.0,165595,1504,2021-12-30,,
WA,1020,101,14.0,13,0.0,1148,9,2021-12-30,,
Australia,9521,161241,42073.0,1355,148487.0,362677,2226,2021-12-30,,
ACT,118,2319,329.0,198,600.0,3564,15,2021-12-30,,
NSW,4185,71046,35202.0,452,55488.0,166373,657,2021-12-30,,
NT,228,197,6.0,66,13.0,510,1,2021-12-30,,
QLD,1589,1029,385.0,233,7516.0,10752,7,2021-12-30,,
SA,722,2190,848.0,289,4944.0,8993,6,2021-12-30,,
TAS,95,218,33.0,103,188.0,637,13,2021-12-30,,
VIC,1563,84139,5256.0,0,79737.0,170695,1518,2021-12-30,,
WA,1021,103,14.0,14,1.0,1153,9,2021-12-30,,
Australia,9521,161241,42073.0,1355,148487.0,362677,2226,2021-12-31,,
ACT,118,2319,329.0,198,600.0,3564,15,2021-12-31,,
NSW,4185,71046,35202.0,452,55488.0,166373,657,2021-12-31,,
NT,228,197,6.0,66,13.0,510,1,2021-12-31,,
QLD,1589,1029,385.0,233,7516.0,10752,7,2021-12-31,,
SA,722,2190,848.0,289,4944.0,8993,6,2021-12-31,,
TAS,95,218,33.0,103,188.0,637,13,2021-12-31,,
VIC,1563,84139,5256.0,0,79737.0,170695,1518,2021-12-31,,
WA,1021,103,14.0,14,1.0,1153,9,2021-12-31,,
Australia,9530,164115,42921.0,1454,177484.0,395504,2239,2021-12-31,,
ACT,118,2781,329.0,198,584.0,4010,15,2021-12-31,,
NSW,4188,71985,35926.0,466,74939.0,187504,663,2021-12-31,,
NT,228,224,9.0,87,24.0,572,1,2021-12-31,,
QLD,1590,1133,480.0,252,10408.0,13863,7,2021-12-31,,
SA,723,2216,848.0,291,7000.0,11078,6,2021-12-31,,
TAS,95,264,57.0,145,224.0,785,13,2021-12-31,,
VIC,1563,85409,5258.0,0,84304.0,176534,1525,2021-12-31,,
WA,1025,103,14.0,15,1.0,1158,9,2021-12-31,,
Australia,9530,164115,42921.0,1454,177484.0,395504,2239,2022-01-01,,
ACT,118,2781,329.0,198,584.0,4010,15,2022-01-01,,
NSW,4188,71985,35926.0,466,74939.0,187504,663,2022-01-01,,
NT,228,224,9.0,87,24.0,572,1,2022-01-01,,
QLD,1590,1133,480.0,252,10408.0,13863,7,2022-01-01,,
SA,723,2216,848.0,291,7000.0,11078,6,2022-01-01,,
TAS,95,264,57.0,145,224.0,785,13,2022-01-01,,
VIC,1563,85409,5258.0,0,84304.0,176534,1525,2022-01-01,,
WA,1025,103,14.0,15,1.0,1158,9,2022-01-01,,
Australia,9417,168238,43943.0,1345,207769.0,430712,2253,2022-01-01,,
ACT,0,4448,0.0,0,0.0,4448,15,2022-01-01,,
NSW,4189,72984,36660.0,474,95744.0,210051,668,2022-01-01,,
NT,228,241,23.0,115,17.0,624,1,2022-01-01,,
QLD,1591,1193,573.0,257,12511.0,16125,7,2022-01-01,,
SA,723,2312,1332.0,311,8500.0,13178,6,2022-01-01,,
TAS,95,295,80.0,173,581.0,1224,13,2022-01-01,,
VIC,1565,86660,5261.0,0,90415.0,183901,1534,2022-01-01,,
WA,1026,105,14.0,15,1.0,1161,9,2022-01-01,,
Australia,9417,168238,43943.0,1345,207769.0,430712,2253,2022-01-02,,
ACT,0,4448,0.0,0,0.0,4448,15,2022-01-02,,
NSW,4189,72984,36660.0,474,95744.0,210051,668,2022-01-02,,
NT,228,241,23.0,115,17.0,624,1,2022-01-02,,
QLD,1591,1193,573.0,257,12511.0,16125,7,2022-01-02,,
SA,723,2312,1332.0,311,8500.0,13178,6,2022-01-02,,
TAS,95,295,80.0,173,581.0,1224,13,2022-01-02,,
VIC,1565,86660,5261.0,0,90415.0,183901,1534,2022-01-02,,
WA,1026,105,14.0,15,1.0,1161,9,2022-01-02,,
Australia,9423,169558,44508.0,1414,238025.0,462928,2259,2022-01-02,,
ACT,0,4919,0.0,0,0.0,4919,15,2022-01-02,,
NSW,4192,73672,37182.0,485,112776.0,228307,669,2022-01-02,,
NT,228,247,25.0,150,77.0,727,1,2022-01-02,,
QLD,1592,1247,600.0,264,16004.0,19707,7,2022-01-02,,
SA,723,2373,1327.0,317,10733.0,15473,8,2022-01-02,,
TAS,95,311,97.0,180,945.0,1628,13,2022-01-02,,
VIC,1565,86683,5262.0,0,97489.0,190999,1537,2022-01-02,,
WA,1028,106,15.0,18,1.0,1168,9,2022-01-02,,
Australia,9423,169558,44508.0,1414,238025.0,462928,2259,2022-01-03,,
ACT,0,4919,0.0,0,0.0,4919,15,2022-01-03,,
NSW,4192,73672,37182.0,485,112776.0,228307,669,2022-01-03,,
NT,228,247,25.0,150,77.0,727,1,2022-01-03,,
QLD,1592,1247,600.0,264,16004.0,19707,7,2022-01-03,,
SA,723,2373,1327.0,317,10733.0,15473,8,2022-01-03,,
TAS,95,311,97.0,180,945.0,1628,13,2022-01-03,,
VIC,1565,86683,5262.0,0,97489.0,190999,1537,2022-01-03,,
WA,1028,106,15.0,18,1.0,1168,9,2022-01-03,,
Australia,9452,174018,45118.0,1512,269858.0,499958,2266,2022-01-03,,
ACT,0,5323,0.0,0,0.0,5323,15,2022-01-03,,
NSW,4197,74420,37735.0,505,132207.0,249064,673,2022-01-03,,
NT,233,266,41.0,202,63.0,805,1,2022-01-03,,
QLD,1592,1301,619.0,274,20155.0,23941,7,2022-01-03,,
SA,723,2372,1326.0,317,13283.0,18021,8,2022-01-03,,
TAS,95,343,111.0,193,1358.0,2100,13,2022-01-03,,
VIC,1582,89886,5269.0,0,102791.0,199528,1540,2022-01-03,,
WA,1030,107,17.0,21,1.0,1176,9,2022-01-03,,
Australia,9452,174018,45118.0,1512,269858.0,499958,2266,2022-01-04,,
ACT,0,5323,0.0,0,0.0,5323,15,2022-01-04,,
NSW,4197,74420,37735.0,505,132207.0,249064,673,2022-01-04,,
NT,233,266,41.0,202,63.0,805,1,2022-01-04,,
QLD,1592,1301,619.0,274,20155.0,23941,7,2022-01-04,,
SA,723,2372,1326.0,317,13283.0,18021,8,2022-01-04,,
TAS,95,343,111.0,193,1358.0,2100,13,2022-01-04,,
VIC,1582,89886,5269.0,0,102791.0,199528,1540,2022-01-04,,
WA,1030,107,17.0,21,1.0,1176,9,2022-01-04,,
Australia,9473,179422,46261.0,1643,310854.0,547653,2271,2022-01-04,,
ACT,0,6244,0.0,0,0.0,6244,15,2022-01-04,,
NSW,4200,75322,38407.0,521,153710.0,272160,676,2022-01-04,,
NT,237,287,44.0,245,70.0,883,1,2022-01-04,,
QLD,1594,1419,721.0,285,25607.0,29626,7,2022-01-04,,
SA,726,2999,1686.0,348,15496.0,21255,8,2022-01-04,,
TAS,102,371,118.0,211,2003.0,2805,13,2022-01-04,,
VIC,1583,92673,5268.0,0,113966.0,213490,1542,2022-01-04,,
WA,1031,107,17.0,33,2.0,1190,9,2022-01-04,,
Australia,9473,179422,46261.0,1643,310854.0,547653,2271,2022-01-05,,
ACT,0,6244,0.0,0,0.0,6244,15,2022-01-05,,
NSW,4200,75322,38407.0,521,153710.0,272160,676,2022-01-05,,
NT,237,287,44.0,245,70.0,883,1,2022-01-05,,
QLD,1594,1419,721.0,285,25607.0,29626,7,2022-01-05,,
SA,726,2999,1686.0,348,15496.0,21255,8,2022-01-05,,
TAS,102,371,118.0,211,2003.0,2805,13,2022-01-05,,
VIC,1583,92673,5268.0,0,113966.0,213490,1542,2022-01-05,,
WA,1031,107,17.0,33,2.0,1190,9,2022-01-05,,
Australia,9495,185465,47060.0,1762,368324.0,612106,2289,2022-01-05,,
ACT,0,7006,0.0,0,0.0,7006,15,2022-01-05,,
NSW,4202,76054,38946.0,534,187437.0,307173,683,2022-01-05,,
NT,239,351,81.0,302,12.0,985,1,2022-01-05,,
QLD,1594,1470,815.0,295,32227.0,36401,7,2022-01-05,,
SA,727,4358,1798.0,372,17490.0,24745,8,2022-01-05,,
TAS,103,403,133.0,222,2810.0,3671,13,2022-01-05,,
VIC,1593,95713,5269.0,0,128344.0,230919,1553,2022-01-05,,
WA,1037,110,18.0,37,4.0,1206,9,2022-01-05,,
Australia,9495,185465,47060.0,1762,368324.0,612106,2289,2022-01-06,,
ACT,0,7006,0.0,0,0.0,7006,15,2022-01-06,,
NSW,4202,76054,38946.0,534,187437.0,307173,683,2022-01-06,,
NT,239,351,81.0,302,12.0,985,1,2022-01-06,,
QLD,1594,1470,815.0,295,32227.0,36401,7,2022-01-06,,
SA,727,4358,1798.0,372,17490.0,24745,8,2022-01-06,,
TAS,103,403,133.0,222,2810.0,3671,13,2022-01-06,,
VIC,1593,95713,5269.0,0,128344.0,230919,1553,2022-01-06,,
WA,1037,110,18.0,37,4.0,1206,9,2022-01-06,,
Australia,9530,191715,47701.0,1900,433381.0,684227,2301,2022-01-06,,
ACT,0,8021,0.0,0,0.0,8021,15,2022-01-06,,
NSW,4205,76780,39449.0,546,221153.0,342133,689,2022-01-06,,
NT,257,369,113.0,386,105.0,1230,1,2022-01-06,,
QLD,1594,1551,904.0,313,42369.0,46731,7,2022-01-06,,
SA,727,4721,1796.0,372,20197.0,27813,8,2022-01-06,,
TAS,103,429,149.0,238,3503.0,4422,13,2022-01-06,,
VIC,1605,99733,5272.0,0,146052.0,252662,1559,2022-01-06,,
WA,1039,111,18.0,45,2.0,1215,9,2022-01-06,,
Australia,9530,191715,47701.0,1900,433381.0,684227,2301,2022-01-07,,
ACT,0,8021,0.0,0,0.0,8021,15,2022-01-07,,
NSW,4205,76780,39449.0,546,221153.0,342133,689,2022-01-07,,
NT,257,369,113.0,386,105.0,1230,1,2022-01-07,,
QLD,1594,1551,904.0,313,42369.0,46731,7,2022-01-07,,
SA,727,4721,1796.0,372,20197.0,27813,8,2022-01-07,,
TAS,103,429,149.0,238,3503.0,4422,13,2022-01-07,,
VIC,1605,99733,5272.0,0,146052.0,252662,1559,2022-01-07,,
WA,1039,111,18.0,45,2.0,1215,9,2022-01-07,,
Australia,9529,238036,8707.0,2132,503522.0,761926,2319,2022-01-07,,
ACT,0,9429,0.0,0,0.0,9429,15,2022-01-07,,
NSW,4211,117593,0.0,573,258173.0,380550,700,2022-01-07,,
NT,243,134,445.0,575,108.0,1505,1,2022-01-07,,
QLD,1594,1632,998.0,321,53132.0,57677,8,2022-01-07,,
SA,730,4821,1794.0,373,23795.0,31513,8,2022-01-07,,
TAS,103,442,168.0,241,4954.0,5908,13,2022-01-07,,
VIC,1606,103874,5285.0,0,163358.0,274123,1565,2022-01-07,,
WA,1042,111,17.0,49,2.0,1221,9,2022-01-07,,
Australia,9529,238036,8707.0,2132,503522.0,761926,2319,2022-01-08,,
ACT,0,9429,0.0,0,0.0,9429,15,2022-01-08,,
NSW,4211,117593,0.0,573,258173.0,380550,700,2022-01-08,,
NT,243,134,445.0,575,108.0,1505,1,2022-01-08,,
QLD,1594,1632,998.0,321,53132.0,57677,8,2022-01-08,,
SA,730,4821,1794.0,373,23795.0,31513,8,2022-01-08,,
TAS,103,442,168.0,241,4954.0,5908,13,2022-01-08,,
VIC,1606,103874,5285.0,0,163358.0,274123,1565,2022-01-08,,
WA,1042,111,17.0,49,2.0,1221,9,2022-01-08,,
Australia,9569,252531,13814.0,3244,570675.0,849833,2345,2022-01-08,,
ACT,0,10777,0.0,0,0.0,10777,15,2022-01-08,,
NSW,4212,119192,0.0,612,301577.0,425593,709,2022-01-08,,
NT,246,306,538.0,669,179.0,1938,1,2022-01-08,,
QLD,1594,1744,1059.0,327,64059.0,68783,9,2022-01-08,,
SA,764,11552,6724.0,1335,15411.0,35786,15,2022-01-08,,
TAS,104,459,185.0,246,5954.0,6948,13,2022-01-08,,
VIC,1606,108389,5292.0,0,183492.0,298779,1574,2022-01-08,,
WA,1043,112,16.0,55,3.0,1229,9,2022-01-08,,
Australia,9569,252531,13814.0,3244,570675.0,849833,2345,2022-01-09,,
ACT,0,10777,0.0,0,0.0,10777,15,2022-01-09,,
NSW,4212,119192,0.0,612,301577.0,425593,709,2022-01-09,,
NT,246,306,538.0,669,179.0,1938,1,2022-01-09,,
QLD,1594,1744,1059.0,327,64059.0,68783,9,2022-01-09,,
SA,764,11552,6724.0,1335,15411.0,35786,15,2022-01-09,,
TAS,104,459,185.0,246,5954.0,6948,13,2022-01-09,,
VIC,1606,108389,5292.0,0,183492.0,298779,1574,2022-01-09,,
WA,1043,112,16.0,55,3.0,1229,9,2022-01-09,,
Australia,9598,259316,16289.0,3993,633696.0,922892,2367,2022-01-09,,
ACT,0,12176,0.0,0,0.0,12176,15,2022-01-09,,
NSW,4216,120722,0.0,636,329955.0,455529,725,2022-01-09,,
NT,247,437,601.0,745,208.0,2238,1,2022-01-09,,
QLD,1594,1798,1170.0,330,77548.0,82440,10,2022-01-09,,
SA,785,15151,8970.0,1974,13414.0,40294,16,2022-01-09,,
TAS,106,500,213.0,252,6442.0,7513,13,2022-01-09,,
VIC,1607,108416,5320.0,0,206128.0,321471,1578,2022-01-09,,
WA,1043,116,15.0,56,1.0,1231,9,2022-01-09,,
Australia,9598,259316,16289.0,3993,633696.0,922892,2367,2022-01-10,,
ACT,0,12176,0.0,0,0.0,12176,15,2022-01-10,,
NSW,4216,120722,0.0,636,329955.0,455529,725,2022-01-10,,
NT,247,437,601.0,745,208.0,2238,1,2022-01-10,,
QLD,1594,1798,1170.0,330,77548.0,82440,10,2022-01-10,,
SA,785,15151,8970.0,1974,13414.0,40294,16,2022-01-10,,
TAS,106,500,213.0,252,6442.0,7513,13,2022-01-10,,
VIC,1607,108416,5320.0,0,206128.0,321471,1578,2022-01-10,,
WA,1043,116,15.0,56,1.0,1231,9,2022-01-10,,
